{
    "temp_picture_name.png": {
        "link": "https://catbox.moe/pictures/qts/1450722871010.png"
    },
    "temp short name.png": {
        "link": "https://litterbox.catbox.moe/resources/qts/1458602218407.png"
    },
    "IMG_20250117_163732.png": {
        "link": "https://litter.catbox.moe/ftbpsn.png"
    },
    "IMG_20250117_163848.png": {
        "link": "https://litter.catbox.moe/841l2g.png"
    },
    "0.jpg": {
        "link": "https://litter.catbox.moe/nyaun3.jpg"
    }
}